id,eps,aMax,perceivedSafety,bestEps,bestAMax,bestPerceivedSafety,participantID
0,0.7,0.54,2,0.1,1.0,0.961808490875302,9
1,0.1,1.0,-1,0.1,0.1,0.0,9
2,0.1,0.1,1,0.12653061224489798,0.5959183673469388,0.0009987701954694422,9
3,0.75,1.0,1,0.1663265306122449,0.7428571428571429,0.0003171528631236292,9
4,0.75,0.1,3,0.21938775510204084,0.889795918367347,-0.0019420356133973415,9
5,0.1,0.5591836734693878,-1,0.15306122448979592,0.48571428571428577,-0.000752155872563609,9
6,0.41836734693877553,1.0,0,0.25918367346938775,0.6510204081632653,0.0013270516488460057,9
