id,eps,aMax,perceivedSafety,bestEps,bestAMax,bestPerceivedSafety,participantID
0,0.68,0.96,2,0.1,0.1,2.367788770476084e-08,0
1,0.1,0.1,1,0.1,0.1,1.3125000072365107,0
2,0.75,1.0,1,0.1,0.1,1.1927083336539472,0
3,0.1,0.1,0,0.1,0.1,0.6450139019914295,0
4,0.75,0.1,2,0.1,0.1,0.9459752835326339,0
