id,eps,aMax,perceivedSafety,bestEps,bestAMax,bestPerceivedSafety,participantID
0,0.68,0.96,1,0.1,0.1,6.027108522978333e-09,0
1,0.1,0.1,-1,0.75,0.2836734693877551,-8.66479698221688e-308,0
2,0.75,0.2653061224489796,1,0.1,0.11836734693877551,0.0,0
3,0.1,0.7061224489795919,-1,0.41836734693877553,0.43061224489795924,0.000815525131352704,0
