id,eps,aMax,perceivedSafety,bestEps,bestAMax,bestPerceivedSafety,participantID
0,0.68,0.96,2,0.1,0.1,2.367788770476084e-08,0
1,0.1,0.1,0,0.1,0.1,0.0,0
2,0.75,0.2653061224489796,3,0.1,0.1,0.24650002782822178,0
3,0.1,1.0,-1,0.1,0.1,0.0,0
4,0.1,0.5591836734693878,0,0.1,0.1,0.0,0
5,0.75,0.1,3,0.11326530612244899,0.5224489795918368,-0.000675389714895259,0
6,0.75,1.0,1,0.1,0.5040816326530613,-0.001536834787868296,0
7,0.1,0.1,1,0.12653061224489798,0.6510204081632653,-0.002078270310853725,0
8,0.1,1.0,-1,0.3122448979591837,0.9816326530612246,9.299520840904908e-05,0
