id,eps,aMax,perceivedSafety,bestEps,bestAMax,bestPerceivedSafety,participantID
0,0.68,0.96,2,0.1,0.1,2.367788770476084e-08,0
1,0.1,0.1,3,0.75,1.0,2.3875002390666267,0
2,0.75,1.0,2,0.75,1.0,2.2401192155333858,0
