id,eps,aMax,perceivedSafety,bestEps,bestAMax,bestPerceivedSafety,participantID
0,0.68,0.96,-2,0.1,0.1,-2.367788770476084e-08,0
1,0.1,0.1,-2,0.75,1.0,-1.8593751092546942,0
2,0.75,1.0,2,0.1,0.11836734693877551,0.0,0
3,0.1,0.11836734693877551,2,0.1,0.13673469387755102,0.0,0
