idx,eps,a_max,ps,curr_best_eps,curr_best_a_max,curr_best_perceived_safety,participant_height
0,0.68,0.96,1.0,0.1,0.1,0.04869252585665504,178.0
1,0.1,0.1,1.0,0.75,1.0,0.7187201762185024,178.0
2,0.75,1.0,2.0,0.1,0.1,1.192593260528247,178.0
3,0.1,0.1,1.0,0.1,0.1,1.1374039154938478,178.0
4,0.75,1.0,0.0,0.1,0.1,0.8874654100335997,178.0
5,0.1,0.1,-2,0.1,0.1,0.020120858354889273,178
