id,eps,aMax,perceivedSafety,bestEps,bestAMax,bestPerceivedSafety,participantID
0,0.68,0.96,1,0.1,0.1,6.027108522978333e-09,1
1,0.1,0.1,2,0.75,1.0,1.3125000072180342,1
2,0.75,1.0,0,0.75,1.0,0.5291750544077543,1
3,0.75,0.1,3,0.1,1.0,0.5493896560284213,1
